Luminosity,GlobalTemperature,WhitePopulation,BlackPopulation
0.8,8.868452860305162,168,168
0.8,14.736706907514224,162,294
0.8,19.9276605245951,156,506
0.8,24.309153560012923,148,662
0.8,27.089945841130696,139,689
0.8,28.74368073162058,135,702
0.8,29.871508718821215,129,710
0.8,30.728765719970582,123,716
0.8,31.666294340476206,112,727
0.8,32.46298888133156,105,734
0.8,33.02615008666108,101,736
0.8,33.45032651011584,97,737
0.8,34.05399668335801,89,747
0.8,34.56002918513313,84,749
0.8,35.23487664212768,75,758
0.8,35.68469959458952,73,762
0.8,36.176246264943906,67,766
0.8,36.70458153336367,61,772
0.8,37.21734992928673,56,778
0.8,37.85121256689151,46,778
0.8,38.53600509315048,39,789
0.8,39.02966861423591,35,789
0.8,39.49277797823193,30,792
0.8,40.14452143632145,21,799
0.8,40.59230813574045,18,799
0.8,40.974022330612726,14,799
0.8,39.91271328871074,18,684
0.8,37.01560664122866,30,485
0.8,33.80363718692205,44,356
0.8,32.373889733960375,53,410
0.8,32.36287990491906,60,509
0.8,33.05936806316971,65,602
0.8,33.82323324492202,69,662
0.8,34.56962956482597,68,697
0.8,35.10524177762464,68,714
0.8,35.55366295217736,67,729
0.8,35.910933196758386,66,739
0.8,35.986862210577556,67,732
0.8,35.97741931687797,67,727
0.8,36.05015825463805,64,723
0.8,36.15176367055696,61,718
0.8,36.20898494362168,60,715
0.8,36.27517700592005,59,715
0.8,36.28628766942718,59,713
0.8,36.313997384290204,59,715
0.8,36.336064135216944,58,712
0.8,36.32543793474976,58,710
0.8,36.30741503724141,58,709
0.8,36.29747580934645,58,709
0.8,36.35048183490857,58,715
0.8,36.38565947369198,58,716
0.8,36.479049903977376,56,716
0.8,37.01815826803599,45,723
0.8,37.76691477209248,32,721
0.8,38.206179341264395,23,691
0.8,38.01314754188008,16,622
0.8,37.399326820466655,12,552
0.8,36.87843071343721,9,517
0.8,36.60755518033701,11,523
0.8,36.765611847178235,12,557
0.8,37.1697944438736,14,598
0.8,37.761318158457705,14,639
0.8,38.47868838528736,13,679
0.8,39.14898822629393,14,716
0.8,39.643523423380266,14,733
0.8,40.01170002343455,14,746
0.8,40.224923872066356,14,749
0.8,40.35885119965485,14,752
0.8,40.361798149508374,15,749
0.8,40.31359874269935,15,744
0.8,40.22224055308236,15,737
0.8,40.13847783156225,15,733
0.8,40.06280682810112,15,729
0.8,39.984513437615064,15,725
0.8,39.8679322939982,15,717
0.8,39.74464987693231,17,718
0.8,39.597226176684295,17,709
0.8,39.417434240088845,17,698
0.8,39.166580033055645,17,681
0.8,38.624568117982975,18,642
0.8,37.99476547952336,21,616
0.8,37.761301815947874,22,628
0.8,37.59581103287389,21,619
0.8,37.35341006689334,20,598
0.8,37.028809809685,19,573
0.8,36.69871351116567,17,548
0.8,36.34465445080537,17,528
0.8,36.116182157510124,17,522
0.8,36.11901528801634,17,534
0.8,36.35894355417337,17,558
0.8,36.877898155963315,18,604
0.8,37.57506656475611,18,650
0.8,38.208285007911684,19,684
0.8,38.81381487062965,18,710
0.8,39.28391952950166,18,727
0.8,39.58429036965826,18,734
0.8,39.76242137244532,18,737
0.8,39.82209215763,19,738
0.8,39.84233528988905,19,737
0.8,39.82984394388545,19,735
0.8,39.905519385457524,17,736
0.8,40.02591381429641,15,737
0.8,40.05487592635111,14,730
0.8,40.053645078083655,13,725
0.8,40.06206820355175,11,718
0.8,40.11908810508408,9,716
0.8,39.909178265647,8,687
0.8,39.70731336319435,7,673
0.8,39.38555427844529,7,650
0.8,38.98720272285755,9,633
0.8,38.66093401568467,11,627
0.8,38.38125310752091,14,626
0.8,38.138848118537744,14,616
0.8,37.724355064837354,16,593
0.8,37.50808429698946,16,592
0.8,37.18466498581639,15,565
0.8,36.90007343612465,17,560
0.8,36.73489347778764,18,561
0.8,36.722368849177215,19,572
0.8,36.85589189447534,20,591
0.8,37.32718299088814,20,633
0.8,38.02060804051333,20,681
0.8,38.76702744971002,19,719
0.8,39.34809067302208,19,741
0.8,39.70606579458032,19,748
0.8,39.89457886542664,19,749
0.8,39.940915163531315,20,748
0.8,39.83149252058736,23,746
0.8,39.75669214405003,23,744
0.8,39.70860406507803,23,743
0.8,39.63967201347208,22,735
0.8,39.54274269404979,21,725
0.8,39.44349352337752,21,720
0.8,39.44097054006203,20,721
0.8,39.42436282653227,18,712
0.8,39.28292068550503,16,691
0.8,39.16905006318331,13,675
0.8,38.99151366245454,14,666
0.8,38.98502982423103,12,666
0.8,38.63023292030448,14,637
0.8,38.370295319006146,14,628
0.8,38.02261218395241,14,605
0.8,37.808014556319975,13,597
0.8,37.71371598430867,12,595
0.8,37.749005110386285,11,599
0.8,37.62610938024374,11,584
0.8,37.42511529018087,12,573
0.8,37.28733747674149,13,573
0.8,37.45416930380567,13,597
0.8,37.853074129803794,13,630
0.8,38.36304506269212,13,662
0.8,38.94651839491588,12,692
0.8,39.66702554704418,9,725
0.8,40.155182055259054,9,738
0.8,40.390702308816245,9,737
0.8,40.49537280866724,9,735
0.8,40.54270016371622,9,735
0.8,40.49062303711273,10,731
0.8,40.34739495680304,11,723
0.8,40.24623739654734,12,724
0.8,40.193022432773475,12,724
0.8,39.9754814240772,13,708
0.8,39.738073964746214,13,695
0.8,39.58435218405035,12,688
0.8,39.577558359750576,10,688
0.8,39.43758670964024,11,677
0.8,39.412684892619524,9,674
0.8,39.199384539393876,8,649
0.8,38.84957220046134,9,627
0.8,38.42540173293901,10,606
0.8,38.040198839847754,11,592
0.8,37.69643888592702,12,580
0.8,37.46071432741782,12,573
0.8,37.209346515079964,13,563
0.8,37.02934794510453,15,565
0.8,36.95712461213058,15,567
0.8,37.055303543056816,15,581
0.8,37.17659091145647,17,597
0.8,37.5724733890546,17,632
0.8,38.09728622695932,18,670
0.8,38.589795779959054,19,698
0.8,39.07524446744023,19,723
0.8,39.54020545412495,19,746
0.8,39.83126321319212,18,748
0.8,39.97664601008911,18,748
0.8,40.07469092075664,18,751
0.8,40.20927225936072,17,756
0.8,40.22877027375945,17,751
0.8,40.13403455183813,18,744
0.8,39.93255523190719,19,732
0.8,39.82378141939724,18,728
0.8,39.59713759024902,18,710
0.8,39.44554074292978,18,706
0.8,39.34805446169052,18,704
0.8,39.2645327245089,17,696
0.8,39.190766025821056,16,689
0.8,39.15456223439552,14,681
0.8,39.03901078333559,13,667
0.8,38.80137843904781,12,645
0.8,38.52813016176498,11,625
0.805,38.156705837208854,12,604
0.81,38.083940702329315,12,592
0.815,38.13622692812266,11,573
0.82,38.2325928286344,11,558
0.825,38.326047233337185,10,536
0.83,38.47127073032966,10,523
0.835,38.59497013003415,12,513
0.84,38.768885624493755,12,502
0.845,39.01615245499704,15,508
0.85,39.32637228895793,15,505
0.855,39.51187968737936,18,497
0.86,39.643114300801656,21,491
0.865,39.857531453050974,22,489
0.87,40.00229394977853,24,479
0.875,40.11237354561955,27,473
0.88,40.14700705879388,31,465
0.885,40.05917098517146,37,457
0.89,39.95625152041891,42,449
0.895,39.898651431550455,46,443
0.9,39.78838432870285,51,433
0.905,39.67694266192058,55,421
0.91,39.51624586234114,59,405
0.915,39.29766707742101,64,390
0.92,38.97091745305649,73,383
0.925,38.50297080413028,82,366
0.93,37.91484777223791,93,351
0.935,37.134942434059816,103,319
0.94,36.251205163961544,114,290
0.945,35.153460210706555,130,263
0.95,34.00928651475931,147,247
0.955,32.86595262455187,163,230
0.96,31.803057861449297,177,214
0.965,30.513636609129822,198,198
0.97,29.05250404055815,223,192
0.975,27.472095080797757,251,193
0.98,26.050591333476934,273,193
0.985,24.829235280593398,294,202
0.99,23.61549514560907,316,205
0.995,22.506065515541863,335,208
1.0,21.00370305781806,366,211
1.005,19.62449516885207,388,213
1.01,18.67374574924583,401,215
1.015,17.762413106842324,418,217
1.02,16.912686458440756,432,213
1.025,15.969028058624788,450,211
1.03,14.690684526667571,475,209
1.035,13.187046856913277,501,205
1.04,11.90842640064242,519,202
1.045,11.037582464579092,530,199
1.05,10.558638544298566,537,202
1.055,10.09552446317586,547,204
1.06,10.043666089473371,546,204
1.065,10.21936068579254,546,208
1.07,10.371834499026942,549,207
1.075,10.94681787868817,542,213
1.08,11.635402196018529,537,218
1.085,12.4071872058603,531,221
1.09,13.484374138917028,521,236
1.095,14.850501874663347,506,246
1.1,16.36559222063409,491,258
1.105,17.669610905185014,483,268
1.11,18.6574234584492,478,267
1.115,19.510708668224705,473,271
1.12,20.068465779826038,476,278
1.125,20.743288192989656,472,285
1.13,21.166109569427,476,291
1.135,20.85915518952034,494,293
1.14,20.899529294952433,495,300
1.145,20.853273191272052,502,302
1.15,20.98642480615863,503,306
1.155,21.77100378344248,491,314
1.16,23.007849357199625,475,320
1.165,24.19318387309378,465,322
1.17,24.692865975314508,470,320
1.175,24.520414308506027,483,314
1.18,24.23927620674048,492,311
1.185,23.754495287705726,506,312
1.19,23.205058331007773,517,305
1.195,22.9338640784337,519,299
1.2,22.320094923209687,534,291
1.205,21.65985057441382,545,280
1.21,20.67825328691278,564,270
1.215,19.67853910750939,577,253
1.22,18.588113792865038,592,235
1.225,17.380004417098075,609,216
1.23,16.488861956811366,618,204
1.235,15.59316815052361,631,193
1.24,14.836746418636192,641,183
1.245,14.429347399960132,642,171
1.25,14.311819517123936,640,159
1.255,13.881714525403428,650,147
1.26,13.830489902275277,648,141
1.265,13.105323599554792,668,133
1.27,12.530688616723843,676,126
1.275,12.154654903697777,680,118
1.28,11.077650677889906,704,106
1.285,9.942003020268778,721,97
1.29,9.01012398958259,733,91
1.295,8.955381344845987,725,86
1.3,9.377825500923699,717,85
1.305,9.798861874552411,714,83
1.31,9.7033373599365,724,76
1.315,9.240922012108419,738,75
1.32,8.47125429587154,754,70
1.325,8.020246579598052,759,68
1.33,8.037827932891929,755,65
1.335,8.435788761368537,748,64
1.34,8.445026846098703,757,62
1.345,8.764142130867803,753,63
1.35,8.937443095214155,756,62
1.355,8.955383785178437,760,58
1.36,9.174759606930385,757,55
1.365,9.335732662536458,759,54
1.37,9.191461746043394,768,52
1.375,9.106418919191194,771,50
1.38,9.477020535191478,763,47
1.385,9.832704306231884,762,46
1.39,10.151798195092514,761,43
1.395,10.009264468735259,771,40
1.4,9.608240473776872,783,38
1.405,9.907742294929019,773,37
1.41,9.92915014158463,780,36
1.415,9.84389052495222,785,36
1.42,9.671762124349053,792,35
1.425,9.419002958707724,799,32
1.43,9.340936700391582,801,29
1.435,9.564005805445364,797,28
1.44,9.719472665729286,798,25
1.445,9.948346573035899,797,22
1.45,9.671524244978224,809,18
1.455,9.466182095057567,814,17
1.46,9.404311593488568,816,16
1.465,9.632889252291537,812,14
1.47,9.415995345198786,823,10
1.475,9.400597712282067,824,10
1.48,9.620520342808051,821,9
1.485,9.472655404568858,831,8
1.49,9.661205651256788,827,7
1.495,9.821523907370555,828,6
1.5,10.066624513150769,827,6
1.505,10.343709048048106,826,6
1.51,10.52624863115243,828,5
1.515,10.679328928960732,829,4
1.52,10.796374428676614,831,4
1.525,11.085160064208493,828,4
1.53,11.25121314834906,830,4
1.535,11.24352570877959,836,4
1.54,11.567705846630549,830,3
1.545,11.666714917195867,835,3
1.55,11.824858762028128,835,2
1.555,11.927007950679522,837,1
1.56,12.059748254550229,838,1
1.565,12.283952710366213,837,1
1.57,12.545711017137338,836,1
1.575,12.841629614252035,835,1
1.58,12.947138236217905,839,1
1.585,13.1462862052798,838,1
1.59,13.32943005168301,839,1
1.595,13.498770328690245,840,1
1.6,13.711847476173073,839,0
1.605,13.899610506047084,840,0
1.61,14.186168596756712,838,0
1.615,14.404899263035714,839,0
1.62,14.551495397175657,841,0
1.625,14.736320187404075,841,0
1.63,14.939773430246925,841,0
1.635,15.152140611463789,841,0
1.64,15.368601756016584,841,0
1.645,15.657498216532371,839,0
1.65,15.839723309879364,841,0
1.655,16.111595104557384,839,0
1.66,16.38885250815075,838,0
1.665,16.53075630839915,841,0
1.67,16.745008565866605,840,0
1.675,16.95949845194951,840,0
1.68,17.211766232635348,839,0
1.685,17.435731697141396,839,0
1.69,17.66182449134533,839,0
1.695,17.812778298324123,841,0
1.7,17.995892370129177,841,0
1.705,18.227068845886343,840,0
1.71,18.414503279420007,841,0
1.715,18.68074987521874,839,0
1.72,18.850427825026358,841,0
1.725,19.041639588612508,841,0
1.73,19.270758222307023,840,0
1.735,19.459118103779733,841,0
1.74,19.658694096588842,841,0
1.745,19.862451153123875,841,0
1.75,20.067736956690695,841,0
1.755,20.273419297155808,841,0
1.76,20.478983488531007,841,0
1.765,20.68418862912063,841,0
1.77,20.888920820758617,841,0
1.775,21.093126515306352,841,0
1.78,21.29678123605686,841,0
1.785,21.49987462485125,841,0
1.79,21.73566269695298,840,0
1.795,21.919916293938737,841,0
1.8,22.113228033257347,841,0
1.8,22.310235438401893,841,0
1.8,22.408804971056618,841,0
1.8,22.458112076015233,841,0
1.8,22.48277375275843,841,0
1.8,22.495107702095336,841,0
1.8,22.501275913880036,841,0
1.8,22.504360525446923,841,0
1.8,22.505903042117815,841,0
1.8,22.539933873852576,840,0
1.8,22.522609496112842,841,0
1.8,22.514713777721187,841,0
1.8,22.539553359082884,840,0
1.8,22.52150525175462,841,0
1.8,22.513956187458536,841,0
1.8,22.510544249494146,841,0
1.8,22.508941996243667,841,0
1.8,22.508174470276174,841,0
1.8,22.507802628793232,841,0
1.8,22.507621213515204,841,0
1.8,22.507532285409543,841,0
1.8,22.507488547008833,841,0
1.8,22.544942456000832,840,0
1.8,22.5261940644312,841,0
1.8,22.51681992440241,841,0
1.8,22.512132878786893,841,0
1.8,22.50978969244404,841,0
1.8,22.50861823842822,841,0
1.8,22.508032458993448,841,0
1.8,22.50773945300757,841,0
1.8,22.507592843774873,841,0
1.8,22.5075194638711,841,0
1.8,22.507482726897955,841,0
1.8,22.507464331162453,841,0
1.8,22.507455118252388,841,0
1.8,22.507450503766346,841,0
1.8,22.50744819233753,841,0
1.8,22.507447034479664,841,0
1.8,22.536021504218738,840,0
1.8,22.519775009668717,841,0
1.8,22.513104412547758,841,0
1.8,22.5101235862784,841,0
1.8,22.50873378033936,841,0
1.8,22.508071241642483,841,0
1.8,22.507751387399942,841,0
1.8,22.507595753537778,841,0
1.8,22.50751962558686,841,0
1.8,22.50748224805349,841,0
1.8,22.507463845215153,841,0
1.8,22.507454765211605,841,0
1.8,22.50745027757529,841,0
1.8,22.507448056633862,841,0
1.8,22.507446956265824,841,0
1.8,22.507446410584595,841,0
1.8,22.507446139766934,841,0
1.8,22.507446005273263,841,0
1.8,22.507445938442952,841,0
1.8,22.507445905218468,841,0
1.8,22.507445888693884,841,0
1.8,22.50744588047206,841,0
1.8,22.50744587637991,841,0
1.8,22.507445874342597,841,0
1.8,22.507445873327995,841,0
1.8,22.507445872822633,841,0
1.8,22.536020922321566,840,0
1.8,22.519774718193343,841,0
1.8,22.513104266551757,841,0
1.8,22.51012351315431,841,0
1.8,22.508733743716093,841,0
1.8,22.508071223301226,841,0
1.8,22.507751378215062,841,0
1.8,22.507595748938456,841,0
1.8,22.507519623283972,841,0
1.8,22.507482246900526,841,0
1.8,22.50746384463797,841,0
1.8,22.507454764922713,841,0
1.8,22.507450277430717,841,0
1.8,22.50744805656154,841,0
1.8,22.50744695622971,841,0
1.8,22.507446410566562,841,0
1.8,22.507446139757917,841,0
1.8,22.507446005268783,841,0
1.8,22.507445938440778,841,0
1.8,22.507445905217363,841,0
1.8,22.507445888693336,841,0
1.8,22.50744588047179,841,0
1.8,22.50744587637981,841,0
1.8,22.507445874342523,841,0
1.8,22.507445873327963,841,0
1.8,22.50744587282261,841,0
1.8,22.536020922321555,840,0
1.8,22.519774718193343,841,0
1.8,22.513104266551757,841,0
1.8,22.5101235131543,841,0
1.8,22.508733743716093,841,0
1.8,22.508071223301226,841,0
1.8,22.507751378215062,841,0
1.8,22.507595748938456,841,0
1.8,22.507519623283972,841,0
1.8,22.507482246900526,841,0
1.8,22.50746384463797,841,0
1.8,22.507454764922713,841,0
1.8,22.507450277430717,841,0
1.8,22.50744805656154,841,0
1.8,22.50744695622971,841,0
1.8,22.507446410566562,841,0
1.8,22.507446139757917,841,0
1.8,22.507446005268783,841,0
1.8,22.507445938440778,841,0
1.8,22.507445905217363,841,0
1.8,22.507445888693336,841,0
1.8,22.50744588047179,841,0
1.8,22.50744587637981,841,0
1.8,22.507445874342523,841,0
1.8,22.507445873327963,841,0
1.8,22.50744587282261,841,0
1.8,22.536020922321555,840,0
1.8,22.519774718193343,841,0
1.8,22.513104266551757,841,0
1.8,22.5101235131543,841,0
1.8,22.508733743716093,841,0
1.8,22.508071223301226,841,0
1.8,22.507751378215062,841,0
1.8,22.507595748938456,841,0
1.8,22.507519623283972,841,0
1.8,22.507482246900526,841,0
1.8,22.50746384463797,841,0
1.8,22.507454764922713,841,0
1.8,22.507450277430717,841,0
1.8,22.50744805656154,841,0
1.8,22.50744695622971,841,0
1.8,22.507446410566562,841,0
1.8,22.507446139757917,841,0
1.8,22.507446005268783,841,0
1.8,22.507445938440778,841,0
1.8,22.507445905217363,841,0
1.8,22.507445888693336,841,0
1.8,22.50744588047179,841,0
1.8,22.50744587637981,841,0
1.8,22.507445874342523,841,0
1.8,22.507445873327963,841,0
1.8,22.50744587282261,841,0
1.8,22.536020922321555,840,0
1.8,22.519774718193343,841,0
1.8,22.513104266551757,841,0
1.8,22.5101235131543,841,0
1.8,22.508733743716093,841,0
1.8,22.508071223301226,841,0
1.8,22.507751378215062,841,0
1.8,22.507595748938456,841,0
1.8,22.507519623283972,841,0
1.8,22.507482246900526,841,0
1.8,22.50746384463797,841,0
1.8,22.507454764922713,841,0
1.8,22.507450277430717,841,0
1.8,22.50744805656154,841,0
1.8,22.50744695622971,841,0
1.8,22.507446410566562,841,0
1.8,22.507446139757917,841,0
1.8,22.507446005268783,841,0
1.8,22.507445938440778,841,0
1.8,22.507445905217363,841,0
1.8,22.507445888693336,841,0
1.8,22.50744588047179,841,0
1.8,22.50744587637981,841,0
1.8,22.507445874342523,841,0
1.8,22.507445873327963,841,0
1.8,22.50744587282261,841,0
1.8,22.536020922321555,840,0
1.8,22.519774718193343,841,0
1.8,22.513104266551757,841,0
1.8,22.5101235131543,841,0
1.8,22.508733743716093,841,0
1.8,22.508071223301226,841,0
1.8,22.507751378215062,841,0
1.8,22.507595748938456,841,0
1.8,22.507519623283972,841,0
1.8,22.507482246900526,841,0
1.8,22.50746384463797,841,0
1.8,22.507454764922713,841,0
1.8,22.507450277430717,841,0
1.8,22.50744805656154,841,0
1.8,22.50744695622971,841,0
1.8,22.507446410566562,841,0
1.8,22.507446139757917,841,0
1.8,22.507446005268783,841,0
1.8,22.507445938440778,841,0
1.8,22.507445905217363,841,0
1.8,22.507445888693336,841,0
1.8,22.50744588047179,841,0
1.8,22.50744587637981,841,0
1.8,22.507445874342523,841,0
1.8,22.507445873327963,841,0
1.8,22.50744587282261,841,0
1.8,22.536020922321555,840,0
1.8,22.519774718193343,841,0
1.8,22.513104266551757,841,0
1.8,22.5101235131543,841,0
1.8,22.508733743716093,841,0
1.8,22.508071223301226,841,0
1.8,22.507751378215062,841,0
1.7975,22.507595748938456,841,0
1.795,22.45748486887801,841,0
1.7925,22.38232572306996,841,0
1.79,22.294572211945276,841,0
1.7875,22.20045132679595,841,0
1.785,22.10307646298795,841,0
1.7825,22.004004161201408,841,0
1.78,21.90401251110066,841,0
1.7775,21.80349036646946,841,0
1.775,21.702631958262224,841,0
1.7725,21.60153420343007,841,0
1.77,21.500245360314278,841,0
1.7675,21.398789356764368,841,0
1.765,21.297177954379837,841,0
1.7625,21.195416830707817,841,0
1.76,21.093508620375854,841,0
1.7575,20.99145443566633,841,0
1.755,20.889254626810196,841,0
1.7525,20.786909162129085,841,0
1.75,20.712992867856503,840,0
1.7475,20.594109120159747,841,0
1.745,20.48465455558815,841,0
1.7425,20.378742724754368,841,0
1.74,20.274274504531057,841,0
1.7375,20.17038574338436,841,0
1.735,20.066691446225153,841,0
1.7325,19.96301272882499,841,0
1.73,19.859264451699637,841,0
1.7275,19.755405430981085,841,0
1.725,19.65141545995032,841,0
1.7225,19.547284453502325,841,0
1.72,19.44300724584861,841,0
1.7175,19.338581074007124,841,0
1.715,19.234004352593324,841,0
1.7125,19.129276074516266,841,0
1.71,19.024395516809097,841,0
1.7075,18.919362095842637,841,0
1.705,18.814175295912488,841,0
1.7025,18.7088346339541,841,0
1.7,18.603339642080552,841,0
1.6975,18.49768985892696,841,0
1.695,18.391884825356925,841,0
1.6925,18.285924082321483,841,0
1.69,18.179807169795506,841,0
1.6875,18.111009101322253,840,0
1.685,18.01481102476992,840,0
1.6825,17.882597873243963,841,0
1.68,17.764374575315166,841,0
1.6775,17.65203990598487,841,0
1.675,17.542345579063063,841,0
1.6725,17.433833928089307,841,0
1.67,17.325816164826758,841,0
1.6675,17.217959039571177,841,0
1.665,17.11009937131254,841,0
1.6625,17.03541613232669,840,0
1.66,16.909640273583783,841,0
1.6575,16.793342833161685,841,0
1.655,16.681148814199645,841,0
1.6525,16.57077802283384,841,0
1.65,16.494452680335794,840,0
1.6475,16.367454131931773,841,0
1.645,16.25013760600734,841,0
1.6425,16.13702325032582,841,0
1.64,16.025779544045495,841,0
1.6375,15.91534397609512,841,0
1.635,15.805214483506697,841,0
1.6325,15.69514905325452,841,0
1.63,15.61828907650876,840,0
1.6275,15.490347345237772,841,0
1.625,15.442620998265534,839,0
1.6225,15.329288413036426,840,0
1.62,15.28407770409748,838,0
1.6175,15.171056367728418,839,0
1.615,15.02248443050386,840,0
1.6125,14.892491980367936,840,0
1.61,14.775888741985836,840,0
1.6075,14.625708605996191,841,0
1.605,14.494777285257028,841,0
1.6025,14.477257528086096,838,0
1.6,14.306607650921842,841,0
1.5975,14.236820790466792,839,0
1.595,14.107079674495319,840,0
1.5925,13.953015070978628,841,0
1.59,13.895126079277269,839,0
1.5875,13.734629677388371,841,0
1.585,13.598135444452817,841,0
1.5825,13.510835641817355,840,0
1.58,13.447922476518006,839,0
1.5775,13.392448944328324,838,0
1.575,13.240290724880337,840,0
1.5725,13.067038849090919,841,0
1.57,12.960372965982327,840,0
1.5675,12.883009218404245,839,0
1.565,12.902535692677064,836,0
1.5625,12.738576509895767,839,0
1.56,12.598783094717112,839,0
1.5575,12.616593769259786,835,0
1.555,12.420018219271247,839,0
1.5525,12.27351452680684,839,0
1.55,12.177744703972717,838,0
1.5475,12.03432881408119,839,0
1.545,11.979917878517073,837,0
1.5425,11.876090697775723,837,0
1.54,11.704893825584424,839,0
1.5375,11.7057533287344,835,0
1.535,11.53289037369478,838,0
1.5325,11.39225694255278,838,0
1.53,11.268763515630598,838,0
1.5275,11.182636439732073,837,0
1.525,11.07961302849041,837,0
1.5225,10.860446658987758,840,0
1.52,10.768107871823503,838,0
1.5175,10.696483587947377,837,0
1.515,10.68386342301511,835,0
1.5125,10.569576037620429,836,0
1.51,10.412976752218984,837,0
1.5075,10.204172344621732,839,0
1.505,10.011753621814599,840,0
1.5025,10.003370095229275,836,0
1.5,9.901599081090211,837,0
1.4975,9.982344133484803,832,0
1.495,10.025889692736262,830,0
1.4925,9.726962976589387,837,0
1.49,9.541791200564692,836,0
1.4875,9.470384635078762,834,0
1.485,9.346267601048662,835,0
1.4825,9.192459112301709,836,0
1.48,9.13438841607355,834,0
1.4775,9.066354059474104,833,0
1.475,8.938943678570912,834,0
1.4725,9.032482728103872,828,0
1.47,8.71942161331225,836,0
1.4675,8.614682123145599,833,0
1.465,8.656126171093865,829,0
1.4625,8.542908530707743,831,0
1.46,8.415841585717788,831,0
1.4575,8.106030334166647,836,0
1.455,7.819219145783327,838,0
1.4525,8.027403805814426,827,0
1.45,7.924620738836751,831,0
1.4475,7.849699249976223,830,0
1.445,7.842154905532085,827,0
1.4425,8.205538478100088,816,0
1.44,7.86514078723665,828,0
1.4375,7.771819027910449,824,0
1.435,7.489354280881561,829,0
1.4325,7.542507856880369,822,0
1.43,7.583779775334834,820,0
1.4275,7.5969194537194635,818,0
1.425,7.193487020693338,827,0
1.4225,7.163619065071881,821,0
1.42,6.926581465065425,826,0
1.4175,6.933963746380058,821,0
1.415,7.13196930747053,814,0
1.4125,7.212691909281919,812,0
1.41,6.69556520872501,826,0
1.4075,6.512718326330326,822,0
1.405,6.444204808394614,819,0
1.4025,6.470599530681746,816,0
1.4,6.324015252660588,819,0
1.3975,6.341124900876725,815,0
1.395,6.402885068044146,812,0
1.3925,6.028235722372948,821,0
1.39,5.713698781950295,823,0
1.3875,5.889531367722434,812,0
1.385,5.881775950452207,813,0
1.3825,5.880864256220904,811,0
1.38,5.815038533496825,811,0
1.3775,6.1757635967635,799,0
1.375,6.216307360685821,801,0
1.3725,5.899698973308475,808,0
1.37,5.461154885778556,814,0
1.3675,5.329445994328585,810,0
1.365,5.374019722995832,805,0
1.3625,5.611478556666844,797,0
1.36,5.326009505324478,806,0
1.3575,5.254957485817131,802,0
1.355,5.502494048322259,793,0
1.3525,5.27223067082941,801,0
1.35,5.316457602150623,795,0
1.3475,5.232218587191515,796,0
1.345,4.8713534500035145,803,0
1.3425,4.465102107845099,807,0
1.34,4.473540560056467,799,0
1.3375,5.2235929467925,777,0
1.335,5.35173948900596,782,0
1.3325,5.2943368272615405,784,0
1.33,4.9916469997714215,790,0
1.3275,4.501550662255818,797,0
1.325,4.063126409867213,801,0
1.3225,4.105209137841484,792,0
1.32,4.3859108130125355,783,0
1.3175,4.194491568871006,790,0
1.315,4.114318854979928,788,0
1.3125,4.271880028417202,781,0
1.31,4.585332998002983,773,0
1.3075,4.356380356099952,781,0
1.305,4.009563140974773,785,0
1.3025,3.542560252801082,791,0
1.3,3.250328155094929,791,0
1.2975,3.8500488732020455,769,0
1.295,4.296686731461002,763,0
1.2925,3.9762659944648493,776,0
1.29,3.7394855233845297,776,0
1.2875,3.549386850748634,776,0
1.285,3.6844849294617426,767,0
1.2825,3.9695934225907177,759,0
1.28,3.9548547129185656,762,0
1.2775,3.25670810650743,779,0
1.275,2.666221203859903,784,0
1.2725,2.7105435762463763,773,0
1.27,3.083996201339818,761,0
1.2675,3.786850566877981,745,0
1.265,4.274988358469788,740,0
1.2625,4.190606041016585,747,0
1.26,3.6763830678467877,758,0
1.2575,2.989322897318148,768,0
1.255,2.8743814368952605,760,0
1.2525,3.158506177022746,749,0
1.25,3.4816430114113577,742,0
1.2475,3.316842442880744,749,0
1.245,3.6747581631315875,735,0
1.2425,4.048317703523839,728,0
1.24,3.7182313653797645,740,0
1.2375,2.8273012623226808,757,0
1.235,1.3287987962384016,783,0
1.2325,0.5692932909886868,781,0
1.23,0.6502640355710463,767,0
1.2275,1.5984452438035135,741,0
1.225,2.3954618360697535,731,0
1.2225,2.8627991738275935,728,0
1.22,2.9928843941369223,728,0
1.2175,2.9814084282128723,726,0
1.215,2.9994441299289765,723,0
1.2125,2.733093744235309,728,0
1.21,2.119591288997272,739,0
1.2075,1.578757531109854,744,0
1.205,1.4383813173377136,739,0
1.2025,1.5959457376854362,731,0
1.2,2.2740942104944857,713,0
1.1975,2.6116564094602337,711,0
1.195,2.624612420108629,713,0
1.1925,2.5107196269470116,714,0
1.19,2.290581997113595,717,0
1.1875,1.8757027270830036,724,0
1.185,2.0766223584132537,711,0
1.1825,2.383475291052575,704,0
1.18,2.5430790305963002,702,0
1.1775,2.53491708699533,702,0
1.175,2.95836536619565,689,0
1.175,3.535970620550663,677,0
1.175,3.6123433334218578,683,0
1.175,3.1011649070221825,697,0
1.175,1.2820076285498356,738,0
1.175,-0.16528630111228734,752,0
1.175,-0.5720120714187157,743,0
1.175,-0.08187362530573435,725,0
1.175,0.8436151793259519,708,0
1.175,1.8794706759631528,692,0
1.175,2.189605752331424,697,0
1.175,2.0164246590805606,705,0
1.175,1.8308913285247639,707,0
1.175,1.7828562105274846,706,0
1.175,1.5144446184230083,712,0
1.175,1.1559887073015183,718,0
1.175,1.1638967316851863,713,0
1.175,1.54809634714673,703,0
1.175,2.0694274719348438,695,0
1.175,2.4525385395195176,691,0
1.175,2.7545070999735892,688,0
1.175,2.541353882291107,698,0
1.175,1.7918639675528605,715,0
1.175,1.1850428905976118,722,0
1.175,1.4996941674900193,706,0
1.175,2.0011608188691365,697,0
1.175,2.4129539717346153,693,0
1.175,2.8137010497925385,688,0
1.175,3.1798118046669526,684,0
1.175,3.8743107760128748,671,0
1.175,4.1388339864424255,673,0
1.175,3.6108389315950653,690,0
1.175,2.4052442807971404,715,0
1.175,1.0954306477402522,734,0
1.175,-0.09806405044011426,749,0
1.175,-0.2949250484386457,739,0
1.175,0.38674445585218997,718,0
1.175,1.1331267658537842,707,0
1.175,1.3523908952646118,710,0
1.175,1.228622039056675,716,0
1.175,1.023608517350809,720,0
1.175,1.0912447593945278,715,0
1.175,1.3530014017550136,709,0
1.175,1.618122441356503,705,0
1.175,1.6558971918664418,708,0
1.175,1.5210104780996188,712,0
1.175,1.360606410840611,714,0
1.175,1.6667677124916649,704,0
1.175,2.2866150539506966,691,0
1.175,2.408753496909933,696,0
1.175,2.07014035561989,707,0
1.175,1.3856570717979815,721,0
1.175,0.8597439323774638,726,0
1.175,0.9869633227880975,716,0
1.175,1.7827489647189376,697,0
1.175,2.8057506947384447,681,0
1.175,3.6738952056927916,672,0
1.175,4.330142894576823,666,0
1.175,4.281844403069363,676,0
1.175,3.915326886660366,685,0
1.175,3.2559180470935973,697,0
1.175,2.1433064345054365,718,0
1.175,1.0968881479962698,731,0
1.175,0.1312606459188063,743,0
1.175,-0.10485912657917681,737,0
1.175,0.1653981123385017,726,0
1.175,0.3164596715829314,726,0
1.175,0.6949579735445653,718,0
1.175,0.7777709588941468,720,0
1.175,1.1499197668239545,711,0
1.175,1.7017817647778257,701,0
1.175,2.578663378461127,685,0
1.175,3.1527360590262212,682,0
1.175,3.1027201842509853,691,0
1.175,3.1183014385493806,690,0
1.175,3.2965978840001915,685,0
1.175,3.5014081944032336,682,0
1.175,3.581390230839919,682,0
1.175,2.8285883488193257,703,0
1.175,2.1074285210671793,712,0
1.175,1.357864939712313,722,0
1.175,0.7450869046635455,729,0
1.175,0.8339810621933611,719,0
1.175,1.7025173133929232,697,0
1.175,2.982357903177686,674,0
1.175,4.284366760423888,657,0
1.175,5.4425466089676755,644,0
1.175,6.167692777403124,640,0
1.175,6.531335720145599,640,0
1.175,5.944621978333532,660,0
1.175,4.607447877314971,688,0
1.175,3.3017825499833924,705,0
1.175,1.1838418729032143,744,0
1.175,-0.539308724000476,762,0
1.175,-1.79245705559765,772,0
1.175,-2.0076006726882376,761,0
1.175,-1.7996229206150915,752,0
1.175,-1.3775399953054277,743,0
1.175,-0.6846249127162658,730,0
1.175,-0.04453159526924382,722,0
1.175,0.4741201849230045,717,0
1.175,1.1935438818560222,705,0
1.175,2.023082699470283,693,0
1.175,3.04383307209941,676,0
1.175,3.6886284883211315,672,0
1.175,4.175290514402362,668,0
1.175,4.528801321910089,665,0
1.175,3.793447385091462,689,0
1.175,2.4061649773326383,716,0
1.175,0.6838631858558528,744,0
1.175,-0.38565074379507186,750,0
1.175,-0.6304035686551887,742,0
1.175,-0.34292287033580793,731,0
1.175,0.4635763246517101,714,0
1.175,2.2112441020627185,679,0
1.175,4.29002278071153,646,0
1.175,6.155788185862517,624,0
1.175,8.030414969526422,599,0
1.175,9.124931419652354,595,0
1.175,9.18930564572403,608,0
1.175,7.510176353628178,653,0
1.175,4.976722403809005,699,0
1.175,2.4304793701479404,733,0
1.175,0.3059125328523717,756,0
1.175,-0.6426985502592295,753,0
1.175,-1.0008241143262384,750,0
1.175,-0.9860106695449709,744,0
1.175,-0.9969575470861802,744,0
1.175,-1.0320129118453023,745,0
1.175,-0.9179162037074192,742,0
1.175,-0.6360175127483679,736,0
1.175,-0.3965200236996258,733,0
1.175,0.5898088349784647,710,0
1.175,2.1716436892638167,681,0
1.175,3.795146752510515,659,0
1.175,4.882647242618567,651,0
1.175,5.236551206493633,656,0
1.175,4.685507983938491,676,0
1.175,3.2125169125232826,707,0
1.175,1.2281236773828041,740,0
1.175,-0.8712137031839091,771,0
1.175,-2.026863364804332,774,0
1.175,-2.128724758721097,761,0
1.175,-1.1948779458150376,735,0
1.175,0.3635126988303575,706,0
1.175,2.7340563293554485,664,0
1.175,5.156842391245712,631,0
1.175,7.030035191041652,613,0
1.175,7.9535269639286605,613,0
1.175,7.6960532236431085,632,0
1.175,6.447964686215418,661,0
1.175,4.420446771688507,699,0
